index,w_e_e_k_d_a_y,i_n_s_t_a_n_t,c_n_t,w_i_n_d_s_p_e_e_d
0,0,2502,444027,0.18809288569144686
1,1,2479,455503,0.18886296893908835
2,2,2453,469109,0.19191732572360373
3,3,2475,473048,0.18717220202020202
4,4,2471,485395,0.19198721165520033
5,5,2487,487790,0.1864303176517893
6,6,2512,477807,0.19619012738853503
