index,season_,weathersit_,instant_nunique,cnt_sum,temp_min,temp_max
0,1,1,111,312036,0.0591304,0.5725
1,1,2,66,155573,0.1075,0.514167
2,1,3,4,3739,0.2175,0.389091
3,2,1,113,626986,0.264167,0.7825
4,2,2,68,288096,0.253043,0.808333
5,2,3,3,3507,0.268333,0.430833
6,3,1,136,799443,0.5075,0.861667
7,3,2,48,250679,0.469167,0.815
8,3,3,4,11007,0.54,0.633913
9,4,1,103,519487,0.220833,0.635
10,4,2,65,302510,0.258333,0.6575
11,4,3,10,19616,0.254167,0.590833
